{"cameraMode":{"drawMode":0,"name":"Shaded","section":"Shading Mode"},"sceneLighting":false,"audioPlay":false,"sceneViewState":{"m_AlwaysRefresh":false,"showFog":true,"showSkybox":false,"showFlares":true,"showImageEffects":true,"showParticleSystems":true,"showVisualEffectGraphs":true,"m_FxEnabled":true},"in2DMode":false,"pivot":{"x":0.11300766468048096,"y":1.3105151653289796,"z":0.2163357138633728},"rotation":{"x":0.48714926838874819,"y":0.33326077461242678,"z":-0.20815907418727876,"w":0.7799447178840637},"size":1.2514303922653199,"orthographic":false}